{
    "6661438157302962": {
        "enable": false,
        "content": "",
        "tids": []
    },
    "6609599232427355": {
        "enable": false,
        "content": "",
        "tids": []
    },
    "6762071477161900": {
        "enable": true,
        "content": "",
        "tids": []
    },
    "6831831040193418": {
        "enable": false,
        "content": "",
        "tids": []
    },
    "100077667677278": {
        "enable": false,
        "content": "",
        "tids": []
    },
    "7051800391521346": {
        "enable": false,
        "content": "",
        "tids": []
    },
    "100078735176323": {
        "enable": true,
        "content": "> Nguyên Blue Yew Em Mà 🐼🐸🐽 Nguyên Blue Yew Em Mà 🐼🐸🐽 Nguyên Blue Yew Em Mà 🐼🐸🐽 Nguyên Blue Yew Em Mà 🐼🐸🐽 Nguyên Blue Yew Em Mà 🐼🐸🐽 Nguyên Blue Yew Em Mà 🐼🐸🐽 Nguyên Blue Yew Em Mà 🐼🐸🐽 Nguyên Blue Yew Em Mà 🐼🐸🐽 Nguyên Blue Yew Em Mà 🐼🐸🐽 Nguyên Blue Yew Em Mà 🐼🐸🐽 Nguyên Blue Yew Em Mà 🐼🐸🐽 Nguyên Blue Yew Em Mà 🐼🐸🐽 Nguyên Blue Yew Em Mà 🐼🐸🐽 Nguyên Blue Yew Em Mà 🐼🐸🐽 Nguyên Blue Yew Em Mà 🐼🐸🐽 Nguyên Blue Yew Em Mà 🐼🐸🐽 Nguyên Blue Yew Em Mà 🐼🐸🐽 Nguyên Blue Yew Em Mà 🐼🐸🐽 Nguyên Blue Yew Em Mà 🐼🐸🐽 Nguyên Blue Yew Em Mà 🐼🐸🐽 Nguyên Blue Yew Em Mà 🐼🐸🐽 Nguyên Blue Yew Em Mà 🐼🐸🐽 Nguyên Blue Yew Em Mà 🐼🐸🐽 Nguyên Blue Yew Em Mà 🐼🐸🐽 Nguyên Blue Yew Em Mà 🐼🐸🐽 Nguyên Blue Yew Em Mà 🐼🐸🐽 Nguyên Blue Yew Em Mà 🐼🐸🐽 Nguyên Blue Yew Em Mà 🐼🐸🐽 Nguyên Blue Yew Em Mà 🐼🐸🐽 Nguyên Blue Yew Em Mà 🐼🐸🐽 Nguyên Blue Yew Em Mà 🐼🐸🐽 Nguyên Blue Yew Em Mà 🐼🐸🐽 Nguyên Blue Yew Em Mà 🐼🐸🐽 Nguyên Blue Yew Em Mà 🐼🐸🐽 Nguyên Blue Yew Em Mà 🐼🐸🐽 Nguyên Blue Yew Em Mà 🐼🐸🐽 Nguyên Blue Yew Em Mà 🐼🐸🐽 Nguyên Blue Yew Em Mà 🐼🐸🐽 Nguyên Blue Yew Em Mà 🐼🐸🐽 Nguyên Blue Yew Em Mà 🐼🐸🐽 Nguyên Blue Yew Em Mà 🐼🐸🐽 Nguyên Blue Yew Em Mà 🐼🐸🐽 Nguyên Blue Yew Em Mà 🐼🐸🐽 Nguyên Blue Yew Em Mà 🐼🐸🐽 Nguyên Blue Yew Em Mà 🐼🐸🐽 Nguyên Blue Yew Em Mà 🐼🐸🐽 Nguyên Blue Yew Em Mà 🐼🐸🐽 Nguyên Blue Yew Em Mà 🐼🐸🐽 Nguyên Blue Yew Em Mà 🐼🐸🐽 Nguyên Blue Yew Em Mà 🐼🐸🐽 Nguyên Blue Yew Em Mà 🐼🐸🐽 Nguyên Blue Yew Em Mà 🐼🐸🐽 Nguyên Blue Yew Em Mà 🐼🐸🐽 Nguyên Blue Yew Em Mà 🐼🐸🐽 Nguyên Blue Yew Em Mà 🐼🐸🐽 Nguyên Blue Yew Em Mà 🐼🐸🐽 Nguyên Blue Yew Em Mà 🐼🐸🐽 Nguyên Blue Yew Em Mà 🐼🐸🐽 Nguyên Blue Yew Em Mà 🐼🐸🐽 Nguyên Blue Yew Em Mà 🐼🐸🐽 Nguyên Blue Yew Em Mà 🐼🐸🐽 Nguyên Blue Yew Em Mà 🐼🐸🐽",
        "tids": []
    },
    "100000133939063": {
        "enable": true,
        "content": "> Nguyên Blue Yew Em Mà 🐼🐸🐽 Nguyên Blue Yew Em Mà 🐼🐸🐽 Nguyên Blue Yew Em Mà 🐼🐸🐽 Nguyên Blue Yew Em Mà 🐼🐸🐽 Nguyên Blue Yew Em Mà 🐼🐸🐽 Nguyên Blue Yew Em Mà 🐼🐸🐽 Nguyên Blue Yew Em Mà 🐼🐸🐽 Nguyên Blue Yew Em Mà 🐼🐸🐽 Nguyên Blue Yew Em Mà 🐼🐸🐽 Nguyên Blue Yew Em Mà 🐼🐸🐽 Nguyên Blue Yew Em Mà 🐼🐸🐽 Nguyên Blue Yew Em Mà 🐼🐸🐽 Nguyên Blue Yew Em Mà 🐼🐸🐽 Nguyên Blue Yew Em Mà 🐼🐸🐽 Nguyên Blue Yew Em Mà 🐼🐸🐽 Nguyên Blue Yew Em Mà 🐼🐸🐽 Nguyên Blue Yew Em Mà 🐼🐸🐽 Nguyên Blue Yew Em Mà 🐼🐸🐽 Nguyên Blue Yew Em Mà 🐼🐸🐽 Nguyên Blue Yew Em Mà 🐼🐸🐽 Nguyên Blue Yew Em Mà 🐼🐸🐽 Nguyên Blue Yew Em Mà 🐼🐸🐽 Nguyên Blue Yew Em Mà 🐼🐸🐽 Nguyên Blue Yew Em Mà 🐼🐸🐽 Nguyên Blue Yew Em Mà 🐼🐸🐽 Nguyên Blue Yew Em Mà 🐼🐸🐽 Nguyên Blue Yew Em Mà 🐼🐸🐽 Nguyên Blue Yew Em Mà 🐼🐸🐽 Nguyên Blue Yew Em Mà 🐼🐸🐽 Nguyên Blue Yew Em Mà 🐼🐸🐽 Nguyên Blue Yew Em Mà 🐼🐸🐽 Nguyên Blue Yew Em Mà 🐼🐸🐽 Nguyên Blue Yew Em Mà 🐼🐸🐽 Nguyên Blue Yew Em Mà 🐼🐸🐽 Nguyên Blue Yew Em Mà 🐼🐸🐽 Nguyên Blue Yew Em Mà 🐼🐸🐽 Nguyên Blue Yew Em Mà 🐼🐸🐽 Nguyên Blue Yew Em Mà 🐼🐸🐽 Nguyên Blue Yew Em Mà 🐼🐸🐽 Nguyên Blue Yew Em Mà 🐼🐸🐽 Nguyên Blue Yew Em Mà 🐼🐸🐽 Nguyên Blue Yew Em Mà 🐼🐸🐽 Nguyên Blue Yew Em Mà 🐼🐸🐽 Nguyên Blue Yew Em Mà 🐼🐸🐽 Nguyên Blue Yew Em Mà 🐼🐸🐽 Nguyên Blue Yew Em Mà 🐼🐸🐽 Nguyên Blue Yew Em Mà 🐼🐸🐽 Nguyên Blue Yew Em Mà 🐼🐸🐽 Nguyên Blue Yew Em Mà 🐼🐸🐽 Nguyên Blue Yew Em Mà 🐼🐸🐽 Nguyên Blue Yew Em Mà 🐼🐸🐽 Nguyên Blue Yew Em Mà 🐼🐸🐽 Nguyên Blue Yew Em Mà 🐼🐸🐽 Nguyên Blue Yew Em Mà 🐼🐸🐽 Nguyên Blue Yew Em Mà 🐼🐸🐽 Nguyên Blue Yew Em Mà 🐼🐸🐽 Nguyên Blue Yew Em Mà 🐼🐸🐽 Nguyên Blue Yew Em Mà 🐼🐸🐽 Nguyên Blue Yew Em Mà 🐼🐸🐽 Nguyên Blue Yew Em Mà 🐼🐸🐽 Nguyên Blue Yew Em Mà 🐼🐸🐽 Nguyên Blue Yew Em Mà 🐼🐸🐽",
        "tids": []
    },
    "100048988932440": {
        "enable": true,
        "content": "> Nguyên Blue Yew Em Mà 🐼🐸🐽 Nguyên Blue Yew Em Mà 🐼🐸🐽 Nguyên Blue Yew Em Mà 🐼🐸🐽 Nguyên Blue Yew Em Mà 🐼🐸🐽 Nguyên Blue Yew Em Mà 🐼🐸🐽 Nguyên Blue Yew Em Mà 🐼🐸🐽 Nguyên Blue Yew Em Mà 🐼🐸🐽 Nguyên Blue Yew Em Mà 🐼🐸🐽 Nguyên Blue Yew Em Mà 🐼🐸🐽 Nguyên Blue Yew Em Mà 🐼🐸🐽 Nguyên Blue Yew Em Mà 🐼🐸🐽 Nguyên Blue Yew Em Mà 🐼🐸🐽 Nguyên Blue Yew Em Mà 🐼🐸🐽 Nguyên Blue Yew Em Mà 🐼🐸🐽 Nguyên Blue Yew Em Mà 🐼🐸🐽 Nguyên Blue Yew Em Mà 🐼🐸🐽 Nguyên Blue Yew Em Mà 🐼🐸🐽 Nguyên Blue Yew Em Mà 🐼🐸🐽 Nguyên Blue Yew Em Mà 🐼🐸🐽 Nguyên Blue Yew Em Mà 🐼🐸🐽 Nguyên Blue Yew Em Mà 🐼🐸🐽 Nguyên Blue Yew Em Mà 🐼🐸🐽 Nguyên Blue Yew Em Mà 🐼🐸🐽 Nguyên Blue Yew Em Mà 🐼🐸🐽 Nguyên Blue Yew Em Mà 🐼🐸🐽 Nguyên Blue Yew Em Mà 🐼🐸🐽 Nguyên Blue Yew Em Mà 🐼🐸🐽 Nguyên Blue Yew Em Mà 🐼🐸🐽 Nguyên Blue Yew Em Mà 🐼🐸🐽 Nguyên Blue Yew Em Mà 🐼🐸🐽 Nguyên Blue Yew Em Mà 🐼🐸🐽 Nguyên Blue Yew Em Mà 🐼🐸🐽 Nguyên Blue Yew Em Mà 🐼🐸🐽 Nguyên Blue Yew Em Mà 🐼🐸🐽 Nguyên Blue Yew Em Mà 🐼🐸🐽 Nguyên Blue Yew Em Mà 🐼🐸🐽 Nguyên Blue Yew Em Mà 🐼🐸🐽 Nguyên Blue Yew Em Mà 🐼🐸🐽 Nguyên Blue Yew Em Mà 🐼🐸🐽 Nguyên Blue Yew Em Mà 🐼🐸🐽 Nguyên Blue Yew Em Mà 🐼🐸🐽 Nguyên Blue Yew Em Mà 🐼🐸🐽 Nguyên Blue Yew Em Mà 🐼🐸🐽 Nguyên Blue Yew Em Mà 🐼🐸🐽 Nguyên Blue Yew Em Mà 🐼🐸🐽 Nguyên Blue Yew Em Mà 🐼🐸🐽 Nguyên Blue Yew Em Mà 🐼🐸🐽 Nguyên Blue Yew Em Mà 🐼🐸🐽 Nguyên Blue Yew Em Mà 🐼🐸🐽 Nguyên Blue Yew Em Mà 🐼🐸🐽 Nguyên Blue Yew Em Mà 🐼🐸🐽 Nguyên Blue Yew Em Mà 🐼🐸🐽 Nguyên Blue Yew Em Mà 🐼🐸🐽 Nguyên Blue Yew Em Mà 🐼🐸🐽 Nguyên Blue Yew Em Mà 🐼🐸🐽 Nguyên Blue Yew Em Mà 🐼🐸🐽 Nguyên Blue Yew Em Mà 🐼🐸🐽 Nguyên Blue Yew Em Mà 🐼🐸🐽 Nguyên Blue Yew Em Mà 🐼🐸🐽 Nguyên Blue Yew Em Mà 🐼🐸🐽 Nguyên Blue Yew Em Mà 🐼🐸🐽 Nguyên Blue Yew Em Mà 🐼🐸🐽",
        "tids": []
    },
    "6513495515428549": {
        "enable": true,
        "content": "> Nguyên Blue Yew Em Mà...? Nguyên Blue Yew Em Mà...? Nguyên Blue Yew Em Mà...? Nguyên Blue Yew Em Mà...? Nguyên Blue Yew Em Mà...? Nguyên Blue Yew Em Mà...? Nguyên Blue Yew Em Mà...? Nguyên Blue Yew Em Mà...? Nguyên Blue Yew Em Mà...? Nguyên Blue Yew Em Mà...? Nguyên Blue Yew Em Mà...? Nguyên Blue Yew Em Mà...? Nguyên Blue Yew Em Mà...? Nguyên Blue Yew Em Mà...? Nguyên Blue Yew Em Mà...? Nguyên Blue Yew Em Mà...? Nguyên Blue Yew Em Mà...? Nguyên Blue Yew Em Mà...? Nguyên Blue Yew Em Mà...? Nguyên Blue Yew Em Mà...? Nguyên Blue Yew Em Mà...? Nguyên Blue Yew Em Mà...? Nguyên Blue Yew Em Mà...? Nguyên Blue Yew Em Mà...? Nguyên Blue Yew Em Mà...? Nguyên Blue Yew Em Mà...? Nguyên Blue Yew Em Mà...? Nguyên Blue Yew Em Mà...? Nguyên Blue Yew Em Mà...? Nguyên Blue Yew Em Mà...? Nguyên Blue Yew Em Mà...? Nguyên Blue Yew Em Mà...? Nguyên Blue Yew Em Mà...? Nguyên Blue Yew Em Mà...? Nguyên Blue Yew Em Mà...? Nguyên Blue Yew Em Mà...? Nguyên Blue Yew Em Mà...? Nguyên Blue Yew Em Mà...? Nguyên Blue Yew Em Mà...? Nguyên Blue Yew Em Mà...? Nguyên Blue Yew Em Mà...? Nguyên Blue Yew Em Mà...? Nguyên Blue Yew Em Mà...? Nguyên Blue Yew Em Mà...? Nguyên Blue Yew Em Mà...? Nguyên Blue Yew Em Mà...? Nguyên Blue Yew Em Mà...? Nguyên Blue Yew Em Mà...? Nguyên Blue Yew Em Mà...? Nguyên Blue Yew Em Mà...? Nguyên Blue Yew Em Mà...? Nguyên Blue Yew Em Mà...? Nguyên Blue Yew Em Mà...? Nguyên Blue Yew Em Mà...? Nguyên Blue Yew Em Mà...? Nguyên Blue Yew Em Mà...? Nguyên Blue Yew Em Mà...? Nguyên Blue Yew Em Mà...? Nguyên Blue Yew Em Mà...? Nguyên Blue Yew Em Mà...? Nguyên Blue Yew Em Mà...? Nguyên Blue Yew Em Mà...? Nguyên Blue Yew Em Mà...? Nguyên Blue Yew Em Mà...? Nguyên Blue Yew Em Mà...? Nguyên Blue Yew Em Mà...? Nguyên Blue Yew Em Mà...? Nguyên Blue Yew Em Mà...? Nguyên Blue Yew Em Mà...? Nguyên Blue Yew Em Mà...? Nguyên Blue Yew Em Mà...? Nguyên Blue Yew Em Mà...? Nguyên Blue Yew Em Mà...? Nguyên Blue Yew Em Mà...? Nguyên Blue Yew Em Mà...? Nguyên Blue Yew Em Mà...? Nguyên Blue Yew Em Mà...? Nguyên Blue Yew Em Mà...? Nguyên Blue Yew Em Mà...? Nguyên Blue Yew Em Mà...? Nguyên Blue Yew Em Mà...? Nguyên Blue Yew Em Mà...? Nguyên Blue Yew Em Mà...? Nguyên Blue Yew Em Mà...? Nguyên Blue Yew Em Mà...? Nguyên Blue Yew Em Mà...? Nguyên Blue Yew Em Mà...? Nguyên Blue Yew Em Mà...? Nguyên Blue Yew Em Mà...? Nguyên Blue Yew Em Mà...? Nguyên Blue Yew Em Mà...? Nguyên Blue Yew Em Mà...? Nguyên Blue Yew Em Mà...? Nguyên Blue Yew Em Mà...? Nguyên Blue Yew Em Mà...? Nguyên Blue Yew Em Mà...? Nguyên Blue Yew Em Mà...? Nguyên Blue Yew Em Mà...? Nguyên Blue Yew Em Mà...? Nguyên Blue Yew Em Mà...? Nguyên Blue Yew Em Mà...? Nguyên Blue Yew Em Mà...? Nguyên Blue Yew Em Mà...? Nguyên Blue Yew Em Mà...?",
        "tids": []
    },
    "7622679831077888": {
        "enable": true,
        "content": "> ‎‎Nguyên Blue Yew Em Mà 🐼🐸🐽 Nguyên Blue Yew Em Mà 🐼🐸🐽 Nguyên Blue Yew Em Mà 🐼🐸🐽 Nguyên Blue Yew Em Mà 🐼🐸🐽 Nguyên Blue Yew Em Mà 🐼🐸🐽 Nguyên Blue Yew Em Mà 🐼🐸🐽 Nguyên Blue Yew Em Mà 🐼🐸🐽 Nguyên Blue Yew Em Mà 🐼🐸🐽 Nguyên Blue Yew Em Mà 🐼🐸🐽 Nguyên Blue Yew Em Mà 🐼🐸🐽 Nguyên Blue Yew Em Mà 🐼🐸🐽 Nguyên Blue Yew Em Mà 🐼🐸🐽 Nguyên Blue Yew Em Mà 🐼🐸🐽 Nguyên Blue Yew Em Mà 🐼🐸🐽 Nguyên Blue Yew Em Mà 🐼🐸🐽 Nguyên Blue Yew Em Mà 🐼🐸🐽 Nguyên Blue Yew Em Mà 🐼🐸🐽 Nguyên Blue Yew Em Mà 🐼🐸🐽 Nguyên Blue Yew Em Mà 🐼🐸🐽 Nguyên Blue Yew Em Mà 🐼🐸🐽 Nguyên Blue Yew Em Mà 🐼🐸🐽 Nguyên Blue Yew Em Mà 🐼🐸🐽 Nguyên Blue Yew Em Mà 🐼🐸🐽 Nguyên Blue Yew Em Mà 🐼🐸🐽 Nguyên Blue Yew Em Mà 🐼🐸🐽 Nguyên Blue Yew Em Mà 🐼🐸🐽 Nguyên Blue Yew Em Mà 🐼🐸🐽 Nguyên Blue Yew Em Mà 🐼🐸🐽 Nguyên Blue Yew Em Mà 🐼🐸🐽 Nguyên Blue Yew Em Mà 🐼🐸🐽 Nguyên Blue Yew Em Mà 🐼🐸🐽 Nguyên Blue Yew Em Mà 🐼🐸🐽 Nguyên Blue Yew Em Mà 🐼🐸🐽 Nguyên Blue Yew Em Mà 🐼🐸🐽 Nguyên Blue Yew Em Mà 🐼🐸🐽 Nguyên Blue Yew Em Mà 🐼🐸🐽 Nguyên Blue Yew Em Mà 🐼🐸🐽 Nguyên Blue Yew Em Mà 🐼🐸🐽 Nguyên Blue Yew Em Mà 🐼🐸🐽 Nguyên Blue Yew Em Mà 🐼🐸🐽 Nguyên Blue Yew Em Mà 🐼🐸🐽 Nguyên Blue Yew Em Mà 🐼🐸🐽 Nguyên Blue Yew Em Mà 🐼🐸🐽 Nguyên Blue Yew Em Mà 🐼🐸🐽 Nguyên Blue Yew Em Mà 🐼🐸🐽 Nguyên Blue Yew Em Mà 🐼🐸🐽 Nguyên Blue Yew Em Mà 🐼🐸🐽 Nguyên Blue Yew Em Mà 🐼🐸🐽 Nguyên Blue Yew Em Mà 🐼🐸🐽 Nguyên Blue Yew Em Mà 🐼🐸🐽 Nguyên Blue Yew Em Mà 🐼🐸🐽 Nguyên Blue Yew Em Mà 🐼🐸🐽 Nguyên Blue Yew Em Mà 🐼🐸🐽 Nguyên Blue Yew Em Mà 🐼🐸🐽 Nguyên Blue Yew Em Mà 🐼🐸🐽 Nguyên Blue Yew Em Mà 🐼🐸🐽 Nguyên Blue Yew Em Mà 🐼🐸🐽 Nguyên Blue Yew Em Mà 🐼🐸🐽 Nguyên Blue Yew Em Mà 🐼🐸🐽 Nguyên Blue Yew Em Mà 🐼🐸🐽 Nguyên Blue Yew Em Mà 🐼🐸🐽 Nguyên Blue Yew Em Mà 🐼🐸🐽 😝 👉",
        "tids": []
    },
    "7386059754747118": {
        "enable": true,
        "content": "> ﻿Nguyên Blue và những nỗi buồn 🐸🐽🐼\r\n\r\n\r\n\r\nNguyên Blue và những nỗi buồn 🐸🐽🐼\r\n\r\n\r\n\r\nNguyên Blue và những nỗi buồn 🐸🐽🐼\r\n\r\n\r\n\r\nNguyên Blue và những nỗi buồn 🐸🐽🐼\r\n\r\n\r\n\r\nNguyên Blue và những nỗi buồn 🐸🐽🐼\r\n\r\n\r\n\r\nNguyên Blue và những nỗi buồn 🐸🐽🐼\r\n\r\n\r\n\r\nNguyên Blue và những nỗi buồn 🐸🐽🐼\r\n\r\n\r\n\r\nNguyên Blue và những nỗi buồn 🐸🐽🐼\r\n\r\n\r\n\r\nNguyên Blue và những nỗi buồn 🐸🐽🐼\r\n\r\n\r\n\r\nNguyên Blue và những nỗi buồn 🐸🐽🐼\r\n\r\n\r\n\r\nNguyên Blue và những nỗi buồn 🐸🐽🐼\r\n\r\n\r\n\r\nNguyên Blue và những nỗi buồn 🐸🐽🐼\r\n\r\n\r\n\r\nNguyên Blue và những nỗi buồn 🐸🐽🐼\r\n\r\n\r\n\r\nNguyên Blue và những nỗi buồn 🐸🐽🐼\r\n\r\n\r\n\r\nNguyên Blue và những nỗi buồn 🐸🐽🐼\r\n\r\n\r\n\r\nNguyên Blue và những nỗi buồn 🐸🐽🐼",
        "tids": []
    }
}