{
    "6831519250296728": {
        "enable": false,
        "index": 0
    },
    "6757340004379790": {
        "enable": false,
        "index": 0
    },
    "7628626697166706": {
        "enable": false,
        "index": 0
    },
    "6538949372883524": {
        "enable": false,
        "index": 0
    },
    "7128920170504654": {
        "enable": false,
        "index": 0
    },
    "7264110460299700": {
        "enable": false,
        "index": 0
    },
    "6513495515428549": {
        "enable": false,
        "index": 0
    },
    "7622679831077888": {
        "enable": false,
        "index": 0
    }
}