{
    "day": [
        {
            "id": "61553731846715",
            "n": 26
        },
        {
            "id": "100095614805229",
            "n": 1
        }
    ],
    "week": [
        {
            "id": "61553731846715",
            "n": 26
        },
        {
            "id": "100095614805229",
            "n": 1
        }
    ],
    "all": [
        {
            "id": "61553731846715",
            "n": 26
        },
        {
            "id": "100095614805229",
            "n": 1
        }
    ]
}