{
    "day": [
        {
            "id": "100087767427421",
            "n": 8
        },
        {
            "id": "100089683225778",
            "n": 10
        },
        {
            "id": "100001198291796",
            "n": 1
        }
    ],
    "week": [
        {
            "id": "100087767427421",
            "n": 8
        },
        {
            "id": "100089683225778",
            "n": 10
        },
        {
            "id": "100001198291796",
            "n": 1
        }
    ],
    "all": [
        {
            "id": "100087767427421",
            "n": 8
        },
        {
            "id": "100089683225778",
            "n": 10
        },
        {
            "id": "100001198291796",
            "n": 1
        }
    ]
}