{
    "day": [
        {
            "id": "61550757598601",
            "n": 29
        },
        {
            "id": "100000133939063",
            "n": 441
        }
    ],
    "week": [
        {
            "id": "61550757598601",
            "n": 29
        },
        {
            "id": "100000133939063",
            "n": 441
        }
    ],
    "all": [
        {
            "id": "61550757598601",
            "n": 29
        },
        {
            "id": "100000133939063",
            "n": 441
        }
    ]
}