{
    "day": [
        {
            "id": "100092562341054",
            "n": 55
        },
        {
            "id": "61550579517571",
            "n": 46
        },
        {
            "id": "100040926338711",
            "n": 46
        },
        {
            "id": "1021000448",
            "n": 31
        },
        {
            "id": "100093841176142",
            "n": 33
        },
        {
            "id": "100042473648951",
            "n": 60
        },
        {
            "id": "100093608671638",
            "n": 40
        },
        {
            "id": "100094612340588",
            "n": 60
        },
        {
            "id": "100006001474609",
            "n": 29
        },
        {
            "id": "100086521975494",
            "n": 38
        },
        {
            "id": "100039368855567",
            "n": 26
        },
        {
            "id": "61551558015306",
            "n": 25
        }
    ],
    "week": [
        {
            "id": "100092562341054",
            "n": 55
        },
        {
            "id": "61550579517571",
            "n": 46
        },
        {
            "id": "100040926338711",
            "n": 46
        },
        {
            "id": "1021000448",
            "n": 31
        },
        {
            "id": "100093841176142",
            "n": 33
        },
        {
            "id": "100042473648951",
            "n": 60
        },
        {
            "id": "100093608671638",
            "n": 40
        },
        {
            "id": "100094612340588",
            "n": 60
        },
        {
            "id": "100006001474609",
            "n": 29
        },
        {
            "id": "100086521975494",
            "n": 38
        },
        {
            "id": "100039368855567",
            "n": 26
        },
        {
            "id": "61551558015306",
            "n": 25
        }
    ],
    "all": [
        {
            "id": "100092562341054",
            "n": 55
        },
        {
            "id": "61550579517571",
            "n": 46
        },
        {
            "id": "100040926338711",
            "n": 46
        },
        {
            "id": "1021000448",
            "n": 31
        },
        {
            "id": "100093841176142",
            "n": 33
        },
        {
            "id": "100042473648951",
            "n": 60
        },
        {
            "id": "100093608671638",
            "n": 40
        },
        {
            "id": "100094612340588",
            "n": 60
        },
        {
            "id": "100006001474609",
            "n": 29
        },
        {
            "id": "100086521975494",
            "n": 38
        },
        {
            "id": "100039368855567",
            "n": 26
        },
        {
            "id": "61551558015306",
            "n": 25
        }
    ]
}