{
    "day": [
        {
            "id": "100092489605415",
            "n": 2
        },
        {
            "id": "100081335017625",
            "n": 102
        },
        {
            "id": "100032795131690",
            "n": 6
        },
        {
            "id": "100080486297831",
            "n": 21
        },
        {
            "id": "100087141998444",
            "n": 20
        },
        {
            "id": "100094110281487",
            "n": 62
        },
        {
            "id": "100086606079010",
            "n": 22
        },
        {
            "id": "100000133939063",
            "n": 1051
        },
        {
            "id": "100064070895376",
            "n": 29
        },
        {
            "id": "100072531633011",
            "n": 153
        },
        {
            "id": "100068964044520",
            "n": 39
        },
        {
            "id": "61550516619929",
            "n": 1
        },
        {
            "id": "100077667677278",
            "n": 1
        },
        {
            "id": "100052267385070",
            "n": 1
        }
    ],
    "week": [
        {
            "id": "100092489605415",
            "n": 2
        },
        {
            "id": "100081335017625",
            "n": 102
        },
        {
            "id": "100032795131690",
            "n": 6
        },
        {
            "id": "100080486297831",
            "n": 21
        },
        {
            "id": "100087141998444",
            "n": 20
        },
        {
            "id": "100094110281487",
            "n": 62
        },
        {
            "id": "100086606079010",
            "n": 22
        },
        {
            "id": "100000133939063",
            "n": 1051
        },
        {
            "id": "100064070895376",
            "n": 29
        },
        {
            "id": "100072531633011",
            "n": 153
        },
        {
            "id": "100068964044520",
            "n": 39
        },
        {
            "id": "61550516619929",
            "n": 1
        },
        {
            "id": "100077667677278",
            "n": 1
        },
        {
            "id": "100052267385070",
            "n": 1
        }
    ],
    "all": [
        {
            "id": "100092489605415",
            "n": 2
        },
        {
            "id": "100081335017625",
            "n": 102
        },
        {
            "id": "100032795131690",
            "n": 6
        },
        {
            "id": "100080486297831",
            "n": 21
        },
        {
            "id": "100087141998444",
            "n": 20
        },
        {
            "id": "100094110281487",
            "n": 62
        },
        {
            "id": "100086606079010",
            "n": 22
        },
        {
            "id": "100000133939063",
            "n": 1051
        },
        {
            "id": "100064070895376",
            "n": 29
        },
        {
            "id": "100072531633011",
            "n": 153
        },
        {
            "id": "100068964044520",
            "n": 39
        },
        {
            "id": "61550516619929",
            "n": 1
        },
        {
            "id": "100077667677278",
            "n": 1
        },
        {
            "id": "100052267385070",
            "n": 1
        }
    ]
}