{
    "day": [
        {
            "id": "512255652",
            "n": 36
        },
        {
            "id": "1130173340",
            "n": 27
        },
        {
            "id": "100093202778179",
            "n": 46
        },
        {
            "id": "100007829616834",
            "n": 29
        },
        {
            "id": "100000236633476",
            "n": 39
        },
        {
            "id": "100093061406662",
            "n": 43
        },
        {
            "id": "1148168949",
            "n": 28
        },
        {
            "id": "100000595755446",
            "n": 58
        },
        {
            "id": "100001702631442",
            "n": 46
        },
        {
            "id": "100070197005260",
            "n": 23
        },
        {
            "id": "100040926338711",
            "n": 43
        },
        {
            "id": "1264204501",
            "n": 37
        },
        {
            "id": "751841838",
            "n": 30
        },
        {
            "id": "100091399771246",
            "n": 24
        },
        {
            "id": "100093973625382",
            "n": 33
        }
    ],
    "week": [
        {
            "id": "512255652",
            "n": 36
        },
        {
            "id": "1130173340",
            "n": 27
        },
        {
            "id": "100093202778179",
            "n": 46
        },
        {
            "id": "100007829616834",
            "n": 29
        },
        {
            "id": "100000236633476",
            "n": 39
        },
        {
            "id": "100093061406662",
            "n": 43
        },
        {
            "id": "1148168949",
            "n": 28
        },
        {
            "id": "100000595755446",
            "n": 58
        },
        {
            "id": "100001702631442",
            "n": 46
        },
        {
            "id": "100070197005260",
            "n": 23
        },
        {
            "id": "100040926338711",
            "n": 43
        },
        {
            "id": "1264204501",
            "n": 37
        },
        {
            "id": "751841838",
            "n": 30
        },
        {
            "id": "100091399771246",
            "n": 24
        },
        {
            "id": "100093973625382",
            "n": 33
        }
    ],
    "all": [
        {
            "id": "512255652",
            "n": 36
        },
        {
            "id": "1130173340",
            "n": 27
        },
        {
            "id": "100093202778179",
            "n": 46
        },
        {
            "id": "100007829616834",
            "n": 29
        },
        {
            "id": "100000236633476",
            "n": 39
        },
        {
            "id": "100093061406662",
            "n": 43
        },
        {
            "id": "1148168949",
            "n": 28
        },
        {
            "id": "100000595755446",
            "n": 58
        },
        {
            "id": "100001702631442",
            "n": 46
        },
        {
            "id": "100070197005260",
            "n": 23
        },
        {
            "id": "100040926338711",
            "n": 43
        },
        {
            "id": "1264204501",
            "n": 37
        },
        {
            "id": "751841838",
            "n": 30
        },
        {
            "id": "100091399771246",
            "n": 24
        },
        {
            "id": "100093973625382",
            "n": 33
        }
    ]
}