{
    "day": [
        {
            "id": "61552380729321",
            "n": 22
        },
        {
            "id": "100000133939063",
            "n": 484
        }
    ],
    "week": [
        {
            "id": "61552380729321",
            "n": 22
        },
        {
            "id": "100000133939063",
            "n": 484
        }
    ],
    "all": [
        {
            "id": "61552380729321",
            "n": 22
        },
        {
            "id": "100000133939063",
            "n": 484
        }
    ]
}