{
    "day": [
        {
            "id": "61552820403778",
            "n": 148
        },
        {
            "id": "1618807745",
            "n": 38
        },
        {
            "id": "100000595755446",
            "n": 58
        },
        {
            "id": "100000048986475",
            "n": 34
        },
        {
            "id": "61553916604354",
            "n": 43
        },
        {
            "id": "100094026521723",
            "n": 83
        },
        {
            "id": "61552026976115",
            "n": 47
        },
        {
            "id": "100001702631442",
            "n": 46
        },
        {
            "id": "100000236633476",
            "n": 39
        },
        {
            "id": "100006370963314",
            "n": 49
        },
        {
            "id": "1021000448",
            "n": 31
        }
    ],
    "week": [
        {
            "id": "61552820403778",
            "n": 148
        },
        {
            "id": "1618807745",
            "n": 38
        },
        {
            "id": "100000595755446",
            "n": 58
        },
        {
            "id": "100000048986475",
            "n": 34
        },
        {
            "id": "61553916604354",
            "n": 43
        },
        {
            "id": "100094026521723",
            "n": 83
        },
        {
            "id": "61552026976115",
            "n": 47
        },
        {
            "id": "100001702631442",
            "n": 46
        },
        {
            "id": "100000236633476",
            "n": 39
        },
        {
            "id": "100006370963314",
            "n": 49
        },
        {
            "id": "1021000448",
            "n": 31
        }
    ],
    "all": [
        {
            "id": "61552820403778",
            "n": 148
        },
        {
            "id": "1618807745",
            "n": 38
        },
        {
            "id": "100000595755446",
            "n": 58
        },
        {
            "id": "100000048986475",
            "n": 34
        },
        {
            "id": "61553916604354",
            "n": 43
        },
        {
            "id": "100094026521723",
            "n": 83
        },
        {
            "id": "61552026976115",
            "n": 47
        },
        {
            "id": "100001702631442",
            "n": 46
        },
        {
            "id": "100000236633476",
            "n": 39
        },
        {
            "id": "100006370963314",
            "n": 49
        },
        {
            "id": "1021000448",
            "n": 31
        }
    ]
}