{
    "day": [
        {
            "id": "61550579517571",
            "n": 46
        },
        {
            "id": "100092562341054",
            "n": 55
        },
        {
            "id": "1527574091",
            "n": 70
        },
        {
            "id": "100087550399393",
            "n": 31
        },
        {
            "id": "100073588323387",
            "n": 54
        },
        {
            "id": "100021237814685",
            "n": 73
        },
        {
            "id": "100090487264052",
            "n": 21
        },
        {
            "id": "100070766852103",
            "n": 29
        },
        {
            "id": "100008156739407",
            "n": 23
        },
        {
            "id": "1049984765",
            "n": 19
        }
    ],
    "week": [
        {
            "id": "61550579517571",
            "n": 46
        },
        {
            "id": "100092562341054",
            "n": 55
        },
        {
            "id": "1527574091",
            "n": 70
        },
        {
            "id": "100087550399393",
            "n": 31
        },
        {
            "id": "100073588323387",
            "n": 54
        },
        {
            "id": "100021237814685",
            "n": 73
        },
        {
            "id": "100090487264052",
            "n": 21
        },
        {
            "id": "100070766852103",
            "n": 29
        },
        {
            "id": "100008156739407",
            "n": 23
        },
        {
            "id": "1049984765",
            "n": 19
        }
    ],
    "all": [
        {
            "id": "61550579517571",
            "n": 46
        },
        {
            "id": "100092562341054",
            "n": 55
        },
        {
            "id": "1527574091",
            "n": 70
        },
        {
            "id": "100087550399393",
            "n": 31
        },
        {
            "id": "100073588323387",
            "n": 54
        },
        {
            "id": "100021237814685",
            "n": 73
        },
        {
            "id": "100090487264052",
            "n": 21
        },
        {
            "id": "100070766852103",
            "n": 29
        },
        {
            "id": "100008156739407",
            "n": 23
        },
        {
            "id": "1049984765",
            "n": 19
        }
    ]
}