[
    {
        "key": "dbln",
        "value": "%7B%2261550577782043%22%3A%22NwbfQSHg%22%2C%2261552856405881%22%3A%22uB3MltKW%22%2C%2261553473950890%22%3A%225rYDc1Gs%22%2C%22100090151885461%22%3A%22kvysEOW9%22%2C%2261553433032691%22%3A%22Kpyk8VxK%22%2C%2261553652773749%22%3A%22GnKzc6QK%22%2C%22100009972932459%22%3A%22mcxWtDxI%22%2C%2261551562875536%22%3A%22m0B2GZPk%22%2C%22100004127612521%22%3A%22julgLftz%22%2C%22100090491343889%22%3A%22kQmBoOjX%22%2C%22100000130044560%22%3A%220bgk5QMB%22%2C%2261550779370116%22%3A%22zfLTyWK6%22%2C%2261553934599028%22%3A%2240a0FySQ%22%2C%2261550316584444%22%3A%22WP10TlbQ%22%2C%22100094273249546%22%3A%22OMyWH1ey%22%2C%22100052761106948%22%3A%22GNr9p32z%22%2C%22100084739896893%22%3A%22pKOKdwEQ%22%2C%22100000133939063%22%3A%22Mjjezg9G%22%7D",
        "domain": "facebook.com",
        "path": "/login/device-based/",
        "hostOnly": false,
        "creation": "2023-12-09T15:27:48.029Z",
        "lastAccessed": "2023-12-09T15:27:48.029Z"
    },
    {
        "key": "datr",
        "value": "g4Z0Zah37kOUNmGFR6zYPXS4",
        "domain": "facebook.com",
        "path": "/",
        "hostOnly": false,
        "creation": "2023-12-09T15:27:48.029Z",
        "lastAccessed": "2023-12-09T15:27:48.029Z"
    },
    {
        "key": "sb",
        "value": "g4Z0ZWMeNyFdix6k17ikKvF2",
        "domain": "facebook.com",
        "path": "/",
        "hostOnly": false,
        "creation": "2023-12-09T15:27:48.029Z",
        "lastAccessed": "2023-12-09T15:27:48.029Z"
    },
    {
        "key": "m_pixel_ratio",
        "value": "2",
        "domain": "facebook.com",
        "path": "/",
        "hostOnly": false,
        "creation": "2023-12-09T15:27:48.029Z",
        "lastAccessed": "2023-12-09T15:27:48.029Z"
    },
    {
        "key": "fr",
        "value": "0EuRmaJuxxfdd86a7.AWUd3hSGZsfIFWYQcv82z5MV_10.BldIaD.qJ.AAA.0.0.BldIbo.AWWcIqAU7zE",
        "domain": "facebook.com",
        "path": "/",
        "hostOnly": false,
        "creation": "2023-12-09T15:27:48.029Z",
        "lastAccessed": "2023-12-09T15:27:48.029Z"
    },
    {
        "key": "c_user",
        "value": "100000133939063",
        "domain": "facebook.com",
        "path": "/",
        "hostOnly": false,
        "creation": "2023-12-09T15:27:48.029Z",
        "lastAccessed": "2023-12-09T15:27:48.029Z"
    },
    {
        "key": "xs",
        "value": "22%3A811hFxtKITgzVA%3A2%3A1702135529%3A-1%3A6276",
        "domain": "facebook.com",
        "path": "/",
        "hostOnly": false,
        "creation": "2023-12-09T15:27:48.029Z",
        "lastAccessed": "2023-12-09T15:27:48.029Z"
    },
    {
        "key": "m_page_voice",
        "value": "100000133939063",
        "domain": "facebook.com",
        "path": "/",
        "hostOnly": false,
        "creation": "2023-12-09T15:27:48.029Z",
        "lastAccessed": "2023-12-09T15:27:48.029Z"
    },
    {
        "key": "wd",
        "value": "360x566",
        "domain": "facebook.com",
        "path": "/",
        "hostOnly": false,
        "creation": "2023-12-09T15:27:48.030Z",
        "lastAccessed": "2023-12-09T15:27:48.030Z"
    },
    {
        "key": "locale",
        "value": "vi_VN",
        "domain": "facebook.com",
        "path": "/",
        "hostOnly": false,
        "creation": "2023-12-09T15:27:48.030Z",
        "lastAccessed": "2023-12-09T15:27:48.030Z"
    },
    {
        "key": "fbl_st",
        "value": "100424077%3BT%3A28368925",
        "domain": "facebook.com",
        "path": "/",
        "hostOnly": false,
        "creation": "2023-12-09T15:27:48.030Z",
        "lastAccessed": "2023-12-09T15:27:48.030Z"
    },
    {
        "key": "wl_cbv",
        "value": "v2%3Bclient_version%3A2374%3Btimestamp%3A1702135538",
        "domain": "facebook.com",
        "path": "/",
        "hostOnly": false,
        "creation": "2023-12-09T15:27:48.030Z",
        "lastAccessed": "2023-12-09T15:27:48.030Z"
    },
    {
        "key": "fbl_cs",
        "value": "AhBtX6FoOh9dk30C%2Fo4dko5gGEZkUjFMZCtYK0ZKMUt5WmZjczNISXcyVw",
        "domain": "facebook.com",
        "path": "/",
        "hostOnly": false,
        "creation": "2023-12-09T15:27:48.030Z",
        "lastAccessed": "2023-12-09T15:27:48.030Z"
    },
    {
        "key": "fbl_ci",
        "value": "3472922379605067",
        "domain": "facebook.com",
        "path": "/",
        "hostOnly": false,
        "creation": "2023-12-09T15:27:48.030Z",
        "lastAccessed": "2023-12-09T15:27:48.030Z"
    },
    {
        "key": "vpd",
        "value": "v1%3B566x360x2",
        "domain": "facebook.com",
        "path": "/",
        "hostOnly": false,
        "creation": "2023-12-09T15:27:48.030Z",
        "lastAccessed": "2023-12-09T15:27:48.030Z"
    }
]