{
    "APPSTATE_PATH": "./appstate.json",
    "APPSTATE_PROTECTION": true,
    "AUTO_PING_SERVER": true,
    "ALLOW_INBOX": true,
    "DATABASE": "JSON",
    "DATABASE_JSON_BEAUTIFY": true,
    "FCA_OPTIONS": {
        "pauseLog": true,
        "logLevel": "silent",
        "selfListen": true,
        "listenEvents": true,
        "forceLogin": true,
        "userAgent": "Mozilla/5.0 (Linux; Android 9; SM-G973U Build/PPR1.180610.011) AppleWebKit/537.36 (KHTML, like Gecko) Chrome/69.0.3497.100 Mobile Safari/537.36"
    },
    "LANGUAGE": "vi_VN",
    "LOG_LEVEL": 1,
    "MODERATORS": [
        "",
        "100000133939063"
    ],
    "ABSOLUTES": [
        "",
        "100000133939063"
    ],
    "NAME": "Chjix-War - CHIẾN THẦN SÀN WAR",
    "PREFIX": " ",
    "timezone": "Asia/Ho_Chi_Minh",
    "REFRESH": "86400000",
    "CHJIX_WAR_OPTIONS": {
        "WEBVIEW": true,
        "LISTEN_CONSOLE": true,
        "NOTIFICATION_DISPLAY": true,
        "ALERT_UPDATE": true,
        "REPLIT": false
    },
    "CHJIX_WAR_CONFIG": {
        "OTP_KEY": ""
    },
    "CHJIX_WAR_MESSAGE": {
        "notiWelecome": "Chjix-War - CHIẾN THẦN SÀN WAR 4.0",
        "notiApprove": "Chjix-War đã được phê duyệt để tham chiến",
        "SPAM_STOP": "Tạm tha cho chúng mày đó",
        "SPAM_START": "Spam đọ đi mấy con óc lồn bại trận!",
        "GONHAY_STOP": "Chúng mày tuổi lồn mà nhây với tao"
    },
    "CHJIX_WAR_ACTIVE": {
        "KEY_ACTIVE": "GS629VHDL92LX",
        "EMAIL": "admin@nguyenblue",
        "WELECOME": true
    }
}